Length (m),Estimated g (m/s²)
0.395,10.03422443410112
0.428,10.066203321511988
